event_id,mag_cm,origin_utc,estado,usgs_usgs_id,usgs_lat,usgs_lon,usgs_depth,usgs_dt_s,usgs_dmag,usgs_place,candidatos,url
CM_M2.5_2023-01-09T00-24-00,2.5,2023-01-09 00:24:00,sin_match,,,,,,,,,https://earthquake.usgs.gov/fdsnws/event/1/query?format=geojson&starttime=2023-01-09T00%3A23%3A52&endtime=2023-01-09T00%3A24%3A08&minlatitude=-1&maxlatitude=4&minlongitude=-81&maxlongitude=-75
CM_M2.5_2023-10-17T14-39-45,2.5,2023-10-17 14:39:45,sin_match,,,,,,,,,https://earthquake.usgs.gov/fdsnws/event/1/query?format=geojson&starttime=2023-10-17T14%3A39%3A37&endtime=2023-10-17T14%3A39%3A53&minlatitude=-1&maxlatitude=4&minlongitude=-81&maxlongitude=-75
CM_M2.5_2024-04-09T02-09-16,2.5,2024-04-09 02:09:16,sin_match,,,,,,,,,https://earthquake.usgs.gov/fdsnws/event/1/query?format=geojson&starttime=2024-04-09T02%3A09%3A08&endtime=2024-04-09T02%3A09%3A24&minlatitude=-1&maxlatitude=4&minlongitude=-81&maxlongitude=-75
CM_M2.5_2024-05-18T11-38-36,2.5,2024-05-18 11:38:36,sin_match,,,,,,,,,https://earthquake.usgs.gov/fdsnws/event/1/query?format=geojson&starttime=2024-05-18T11%3A38%3A28&endtime=2024-05-18T11%3A38%3A44&minlatitude=-1&maxlatitude=4&minlongitude=-81&maxlongitude=-75
CM_M2.5_2024-05-28T19-29-10,2.5,2024-05-28 19:29:10,sin_match,,,,,,,,,https://earthquake.usgs.gov/fdsnws/event/1/query?format=geojson&starttime=2024-05-28T19%3A29%3A02&endtime=2024-05-28T19%3A29%3A18&minlatitude=-1&maxlatitude=4&minlongitude=-81&maxlongitude=-75
CM_M2.5_2024-08-23T00-12-26,2.5,2024-08-23 00:12:26,sin_match,,,,,,,,,https://earthquake.usgs.gov/fdsnws/event/1/query?format=geojson&starttime=2024-08-23T00%3A12%3A18&endtime=2024-08-23T00%3A12%3A34&minlatitude=-1&maxlatitude=4&minlongitude=-81&maxlongitude=-75
CM_M2.5_2024-08-23T00-21-04,2.5,2024-08-23 00:21:04,sin_match,,,,,,,,,https://earthquake.usgs.gov/fdsnws/event/1/query?format=geojson&starttime=2024-08-23T00%3A20%3A56&endtime=2024-08-23T00%3A21%3A12&minlatitude=-1&maxlatitude=4&minlongitude=-81&maxlongitude=-75
CM_M2.5_2024-09-09T17-14-33,2.5,2024-09-09 17:14:33,sin_match,,,,,,,,,https://earthquake.usgs.gov/fdsnws/event/1/query?format=geojson&starttime=2024-09-09T17%3A14%3A25&endtime=2024-09-09T17%3A14%3A41&minlatitude=-1&maxlatitude=4&minlongitude=-81&maxlongitude=-75
CM_M2.5_2024-11-06T06-34-23,2.5,2024-11-06 06:34:23,sin_match,,,,,,,,,https://earthquake.usgs.gov/fdsnws/event/1/query?format=geojson&starttime=2024-11-06T06%3A34%3A15&endtime=2024-11-06T06%3A34%3A31&minlatitude=-1&maxlatitude=4&minlongitude=-81&maxlongitude=-75
CM_M2.5_2025-01-07T23-36-49,2.5,2025-01-07 23:36:49,sin_match,,,,,,,,,https://earthquake.usgs.gov/fdsnws/event/1/query?format=geojson&starttime=2025-01-07T23%3A36%3A41&endtime=2025-01-07T23%3A36%3A57&minlatitude=-1&maxlatitude=4&minlongitude=-81&maxlongitude=-75
CM_M2.5_2025-02-04T11-33-48,2.5,2025-02-04 11:33:48,sin_match,,,,,,,,,https://earthquake.usgs.gov/fdsnws/event/1/query?format=geojson&starttime=2025-02-04T11%3A33%3A40&endtime=2025-02-04T11%3A33%3A56&minlatitude=-1&maxlatitude=4&minlongitude=-81&maxlongitude=-75
CM_M2.5_2025-03-07T08-50-05,2.5,2025-03-07 08:50:05,sin_match,,,,,,,,,https://earthquake.usgs.gov/fdsnws/event/1/query?format=geojson&starttime=2025-03-07T08%3A49%3A57&endtime=2025-03-07T08%3A50%3A13&minlatitude=-1&maxlatitude=4&minlongitude=-81&maxlongitude=-75
CM_M2.5_2025-09-16T12-18-52,2.5,2025-09-16 12:18:52,sin_match,,,,,,,,,https://earthquake.usgs.gov/fdsnws/event/1/query?format=geojson&starttime=2025-09-16T12%3A18%3A44&endtime=2025-09-16T12%3A19%3A00&minlatitude=-1&maxlatitude=4&minlongitude=-81&maxlongitude=-75
CM_M2.5_2025-10-22T12-25-31,2.5,2025-10-22 12:25:31,sin_match,,,,,,,,,https://earthquake.usgs.gov/fdsnws/event/1/query?format=geojson&starttime=2025-10-22T12%3A25%3A23&endtime=2025-10-22T12%3A25%3A39&minlatitude=-1&maxlatitude=4&minlongitude=-81&maxlongitude=-75
CM_M2.5_2025-12-13T06-55-17,2.5,2025-12-13 06:55:17,sin_match,,,,,,,,,https://earthquake.usgs.gov/fdsnws/event/1/query?format=geojson&starttime=2025-12-13T06%3A55%3A09&endtime=2025-12-13T06%3A55%3A25&minlatitude=-1&maxlatitude=4&minlongitude=-81&maxlongitude=-75
CM_M2.6_2023-01-24T15-19-57,2.6,2023-01-24 15:19:57,sin_match,,,,,,,,,https://earthquake.usgs.gov/fdsnws/event/1/query?format=geojson&starttime=2023-01-24T15%3A19%3A49&endtime=2023-01-24T15%3A20%3A05&minlatitude=-1&maxlatitude=4&minlongitude=-81&maxlongitude=-75
CM_M2.6_2023-03-10T03-29-22,2.6,2023-03-10 03:29:22,sin_match,,,,,,,,,https://earthquake.usgs.gov/fdsnws/event/1/query?format=geojson&starttime=2023-03-10T03%3A29%3A14&endtime=2023-03-10T03%3A29%3A30&minlatitude=-1&maxlatitude=4&minlongitude=-81&maxlongitude=-75
CM_M2.6_2023-04-14T21-07-37,2.6,2023-04-14 21:07:37,sin_match,,,,,,,,,https://earthquake.usgs.gov/fdsnws/event/1/query?format=geojson&starttime=2023-04-14T21%3A07%3A29&endtime=2023-04-14T21%3A07%3A45&minlatitude=-1&maxlatitude=4&minlongitude=-81&maxlongitude=-75
CM_M2.6_2023-04-24T05-16-39,2.6,2023-04-24 05:16:39,sin_match,,,,,,,,,https://earthquake.usgs.gov/fdsnws/event/1/query?format=geojson&starttime=2023-04-24T05%3A16%3A31&endtime=2023-04-24T05%3A16%3A47&minlatitude=-1&maxlatitude=4&minlongitude=-81&maxlongitude=-75
CM_M2.6_2023-08-09T05-36-25,2.6,2023-08-09 05:36:25,sin_match,,,,,,,,,https://earthquake.usgs.gov/fdsnws/event/1/query?format=geojson&starttime=2023-08-09T05%3A36%3A17&endtime=2023-08-09T05%3A36%3A33&minlatitude=-1&maxlatitude=4&minlongitude=-81&maxlongitude=-75
CM_M2.6_2024-03-06T23-06-31,2.6,2024-03-06 23:06:31,sin_match,,,,,,,,,https://earthquake.usgs.gov/fdsnws/event/1/query?format=geojson&starttime=2024-03-06T23%3A06%3A23&endtime=2024-03-06T23%3A06%3A39&minlatitude=-1&maxlatitude=4&minlongitude=-81&maxlongitude=-75
CM_M2.6_2024-08-18T03-02-09,2.6,2024-08-18 03:02:09,sin_match,,,,,,,,,https://earthquake.usgs.gov/fdsnws/event/1/query?format=geojson&starttime=2024-08-18T03%3A02%3A01&endtime=2024-08-18T03%3A02%3A17&minlatitude=-1&maxlatitude=4&minlongitude=-81&maxlongitude=-75
CM_M2.6_2024-08-19T13-26-05,2.6,2024-08-19 13:26:05,sin_match,,,,,,,,,https://earthquake.usgs.gov/fdsnws/event/1/query?format=geojson&starttime=2024-08-19T13%3A25%3A57&endtime=2024-08-19T13%3A26%3A13&minlatitude=-1&maxlatitude=4&minlongitude=-81&maxlongitude=-75
CM_M2.6_2024-08-21T10-10-05,2.6,2024-08-21 10:10:05,sin_match,,,,,,,,,https://earthquake.usgs.gov/fdsnws/event/1/query?format=geojson&starttime=2024-08-21T10%3A09%3A57&endtime=2024-08-21T10%3A10%3A13&minlatitude=-1&maxlatitude=4&minlongitude=-81&maxlongitude=-75
CM_M2.6_2024-08-23T18-29-58,2.6,2024-08-23 18:29:58,sin_match,,,,,,,,,https://earthquake.usgs.gov/fdsnws/event/1/query?format=geojson&starttime=2024-08-23T18%3A29%3A50&endtime=2024-08-23T18%3A30%3A06&minlatitude=-1&maxlatitude=4&minlongitude=-81&maxlongitude=-75
CM_M2.6_2024-08-24T22-51-35,2.6,2024-08-24 22:51:35,sin_match,,,,,,,,,https://earthquake.usgs.gov/fdsnws/event/1/query?format=geojson&starttime=2024-08-24T22%3A51%3A27&endtime=2024-08-24T22%3A51%3A43&minlatitude=-1&maxlatitude=4&minlongitude=-81&maxlongitude=-75
CM_M2.6_2024-09-01T03-06-35,2.6,2024-09-01 03:06:35,sin_match,,,,,,,,,https://earthquake.usgs.gov/fdsnws/event/1/query?format=geojson&starttime=2024-09-01T03%3A06%3A27&endtime=2024-09-01T03%3A06%3A43&minlatitude=-1&maxlatitude=4&minlongitude=-81&maxlongitude=-75
CM_M2.6_2024-09-22T10-16-10,2.6,2024-09-22 10:16:10,sin_match,,,,,,,,,https://earthquake.usgs.gov/fdsnws/event/1/query?format=geojson&starttime=2024-09-22T10%3A16%3A02&endtime=2024-09-22T10%3A16%3A18&minlatitude=-1&maxlatitude=4&minlongitude=-81&maxlongitude=-75
CM_M2.6_2024-10-14T12-17-41,2.6,2024-10-14 12:17:41,sin_match,,,,,,,,,https://earthquake.usgs.gov/fdsnws/event/1/query?format=geojson&starttime=2024-10-14T12%3A17%3A33&endtime=2024-10-14T12%3A17%3A49&minlatitude=-1&maxlatitude=4&minlongitude=-81&maxlongitude=-75
CM_M2.6_2025-02-17T13-10-00,2.6,2025-02-17 13:10:00,sin_match,,,,,,,,,https://earthquake.usgs.gov/fdsnws/event/1/query?format=geojson&starttime=2025-02-17T13%3A09%3A52&endtime=2025-02-17T13%3A10%3A08&minlatitude=-1&maxlatitude=4&minlongitude=-81&maxlongitude=-75
CM_M2.6_2025-02-19T19-43-53,2.6,2025-02-19 19:43:53,sin_match,,,,,,,,,https://earthquake.usgs.gov/fdsnws/event/1/query?format=geojson&starttime=2025-02-19T19%3A43%3A45&endtime=2025-02-19T19%3A44%3A01&minlatitude=-1&maxlatitude=4&minlongitude=-81&maxlongitude=-75
CM_M2.6_2025-04-11T06-36-21,2.6,2025-04-11 06:36:21,sin_match,,,,,,,,,https://earthquake.usgs.gov/fdsnws/event/1/query?format=geojson&starttime=2025-04-11T06%3A36%3A13&endtime=2025-04-11T06%3A36%3A29&minlatitude=-1&maxlatitude=4&minlongitude=-81&maxlongitude=-75
CM_M2.6_2026-01-06T13-13-07,2.6,2026-01-06 13:13:07,sin_match,,,,,,,,,https://earthquake.usgs.gov/fdsnws/event/1/query?format=geojson&starttime=2026-01-06T13%3A12%3A59&endtime=2026-01-06T13%3A13%3A15&minlatitude=-1&maxlatitude=4&minlongitude=-81&maxlongitude=-75
CM_M2.7_2024-01-30T00-22-55,2.7,2024-01-30 00:22:55,sin_match,,,,,,,,,https://earthquake.usgs.gov/fdsnws/event/1/query?format=geojson&starttime=2024-01-30T00%3A22%3A47&endtime=2024-01-30T00%3A23%3A03&minlatitude=-1&maxlatitude=4&minlongitude=-81&maxlongitude=-75
CM_M2.7_2024-04-29T18-26-12,2.7,2024-04-29 18:26:12,sin_match,,,,,,,,,https://earthquake.usgs.gov/fdsnws/event/1/query?format=geojson&starttime=2024-04-29T18%3A26%3A04&endtime=2024-04-29T18%3A26%3A20&minlatitude=-1&maxlatitude=4&minlongitude=-81&maxlongitude=-75
CM_M2.7_2024-05-11T10-50-44,2.7,2024-05-11 10:50:44,sin_match,,,,,,,,,https://earthquake.usgs.gov/fdsnws/event/1/query?format=geojson&starttime=2024-05-11T10%3A50%3A36&endtime=2024-05-11T10%3A50%3A52&minlatitude=-1&maxlatitude=4&minlongitude=-81&maxlongitude=-75
CM_M2.7_2024-08-17T22-16-56,2.7,2024-08-17 22:16:56,sin_match,,,,,,,,,https://earthquake.usgs.gov/fdsnws/event/1/query?format=geojson&starttime=2024-08-17T22%3A16%3A48&endtime=2024-08-17T22%3A17%3A04&minlatitude=-1&maxlatitude=4&minlongitude=-81&maxlongitude=-75
CM_M2.7_2024-08-20T15-40-17,2.7,2024-08-20 15:40:17,sin_match,,,,,,,,,https://earthquake.usgs.gov/fdsnws/event/1/query?format=geojson&starttime=2024-08-20T15%3A40%3A09&endtime=2024-08-20T15%3A40%3A25&minlatitude=-1&maxlatitude=4&minlongitude=-81&maxlongitude=-75
CM_M2.7_2024-08-21T15-35-12,2.7,2024-08-21 15:35:12,sin_match,,,,,,,,,https://earthquake.usgs.gov/fdsnws/event/1/query?format=geojson&starttime=2024-08-21T15%3A35%3A04&endtime=2024-08-21T15%3A35%3A20&minlatitude=-1&maxlatitude=4&minlongitude=-81&maxlongitude=-75
CM_M2.7_2024-08-23T03-00-53,2.7,2024-08-23 03:00:53,sin_match,,,,,,,,,https://earthquake.usgs.gov/fdsnws/event/1/query?format=geojson&starttime=2024-08-23T03%3A00%3A45&endtime=2024-08-23T03%3A01%3A01&minlatitude=-1&maxlatitude=4&minlongitude=-81&maxlongitude=-75
CM_M2.7_2024-08-23T07-34-05,2.7,2024-08-23 07:34:05,sin_match,,,,,,,,,https://earthquake.usgs.gov/fdsnws/event/1/query?format=geojson&starttime=2024-08-23T07%3A33%3A57&endtime=2024-08-23T07%3A34%3A13&minlatitude=-1&maxlatitude=4&minlongitude=-81&maxlongitude=-75
CM_M2.7_2024-08-26T20-05-10,2.7,2024-08-26 20:05:10,sin_match,,,,,,,,,https://earthquake.usgs.gov/fdsnws/event/1/query?format=geojson&starttime=2024-08-26T20%3A05%3A02&endtime=2024-08-26T20%3A05%3A18&minlatitude=-1&maxlatitude=4&minlongitude=-81&maxlongitude=-75
CM_M2.7_2024-08-28T05-17-24,2.7,2024-08-28 05:17:24,sin_match,,,,,,,,,https://earthquake.usgs.gov/fdsnws/event/1/query?format=geojson&starttime=2024-08-28T05%3A17%3A16&endtime=2024-08-28T05%3A17%3A32&minlatitude=-1&maxlatitude=4&minlongitude=-81&maxlongitude=-75
CM_M2.7_2024-10-29T02-37-35,2.7,2024-10-29 02:37:35,sin_match,,,,,,,,,https://earthquake.usgs.gov/fdsnws/event/1/query?format=geojson&starttime=2024-10-29T02%3A37%3A27&endtime=2024-10-29T02%3A37%3A43&minlatitude=-1&maxlatitude=4&minlongitude=-81&maxlongitude=-75
CM_M2.7_2025-03-18T11-18-36,2.7,2025-03-18 11:18:36,sin_match,,,,,,,,,https://earthquake.usgs.gov/fdsnws/event/1/query?format=geojson&starttime=2025-03-18T11%3A18%3A28&endtime=2025-03-18T11%3A18%3A44&minlatitude=-1&maxlatitude=4&minlongitude=-81&maxlongitude=-75
CM_M2.7_2026-01-09T10-07-06,2.7,2026-01-09 10:07:06,sin_match,,,,,,,,,https://earthquake.usgs.gov/fdsnws/event/1/query?format=geojson&starttime=2026-01-09T10%3A06%3A58&endtime=2026-01-09T10%3A07%3A14&minlatitude=-1&maxlatitude=4&minlongitude=-81&maxlongitude=-75
CM_M2.8_2023-05-28T04-23-11,2.8,2023-05-28 04:23:11,sin_match,,,,,,,,,https://earthquake.usgs.gov/fdsnws/event/1/query?format=geojson&starttime=2023-05-28T04%3A23%3A03&endtime=2023-05-28T04%3A23%3A19&minlatitude=-1&maxlatitude=4&minlongitude=-81&maxlongitude=-75
CM_M2.8_2024-08-22T23-47-32,2.8,2024-08-22 23:47:32,sin_match,,,,,,,,,https://earthquake.usgs.gov/fdsnws/event/1/query?format=geojson&starttime=2024-08-22T23%3A47%3A24&endtime=2024-08-22T23%3A47%3A40&minlatitude=-1&maxlatitude=4&minlongitude=-81&maxlongitude=-75
CM_M2.8_2024-09-12T04-08-41,2.8,2024-09-12 04:08:41,sin_match,,,,,,,,,https://earthquake.usgs.gov/fdsnws/event/1/query?format=geojson&starttime=2024-09-12T04%3A08%3A33&endtime=2024-09-12T04%3A08%3A49&minlatitude=-1&maxlatitude=4&minlongitude=-81&maxlongitude=-75
CM_M2.8_2025-06-11T06-53-35,2.8,2025-06-11 06:53:35,sin_match,,,,,,,,,https://earthquake.usgs.gov/fdsnws/event/1/query?format=geojson&starttime=2025-06-11T06%3A53%3A27&endtime=2025-06-11T06%3A53%3A43&minlatitude=-1&maxlatitude=4&minlongitude=-81&maxlongitude=-75
CM_M2.8_2025-07-25T18-48-05,2.8,2025-07-25 18:48:05,sin_match,,,,,,,,,https://earthquake.usgs.gov/fdsnws/event/1/query?format=geojson&starttime=2025-07-25T18%3A47%3A57&endtime=2025-07-25T18%3A48%3A13&minlatitude=-1&maxlatitude=4&minlongitude=-81&maxlongitude=-75
CM_M2.9_2023-04-13T12-19-01,2.9,2023-04-13 12:19:01,sin_match,,,,,,,,,https://earthquake.usgs.gov/fdsnws/event/1/query?format=geojson&starttime=2023-04-13T12%3A18%3A53&endtime=2023-04-13T12%3A19%3A09&minlatitude=-1&maxlatitude=4&minlongitude=-81&maxlongitude=-75
CM_M2.9_2023-04-28T04-16-30,2.9,2023-04-28 04:16:30,sin_match,,,,,,,,,https://earthquake.usgs.gov/fdsnws/event/1/query?format=geojson&starttime=2023-04-28T04%3A16%3A22&endtime=2023-04-28T04%3A16%3A38&minlatitude=-1&maxlatitude=4&minlongitude=-81&maxlongitude=-75
CM_M2.9_2024-08-24T20-56-54,2.9,2024-08-24 20:56:54,sin_match,,,,,,,,,https://earthquake.usgs.gov/fdsnws/event/1/query?format=geojson&starttime=2024-08-24T20%3A56%3A46&endtime=2024-08-24T20%3A57%3A02&minlatitude=-1&maxlatitude=4&minlongitude=-81&maxlongitude=-75
CM_M2.9_2024-08-27T08-22-15,2.9,2024-08-27 08:22:15,sin_match,,,,,,,,,https://earthquake.usgs.gov/fdsnws/event/1/query?format=geojson&starttime=2024-08-27T08%3A22%3A07&endtime=2024-08-27T08%3A22%3A23&minlatitude=-1&maxlatitude=4&minlongitude=-81&maxlongitude=-75
CM_M2.9_2024-08-30T09-22-38,2.9,2024-08-30 09:22:38,sin_match,,,,,,,,,https://earthquake.usgs.gov/fdsnws/event/1/query?format=geojson&starttime=2024-08-30T09%3A22%3A30&endtime=2024-08-30T09%3A22%3A46&minlatitude=-1&maxlatitude=4&minlongitude=-81&maxlongitude=-75
CM_M2.9_2024-08-31T05-35-50,2.9,2024-08-31 05:35:50,sin_match,,,,,,,,,https://earthquake.usgs.gov/fdsnws/event/1/query?format=geojson&starttime=2024-08-31T05%3A35%3A42&endtime=2024-08-31T05%3A35%3A58&minlatitude=-1&maxlatitude=4&minlongitude=-81&maxlongitude=-75
CM_M2.9_2025-07-10T00-17-38,2.9,2025-07-10 00:17:38,sin_match,,,,,,,,,https://earthquake.usgs.gov/fdsnws/event/1/query?format=geojson&starttime=2025-07-10T00%3A17%3A30&endtime=2025-07-10T00%3A17%3A46&minlatitude=-1&maxlatitude=4&minlongitude=-81&maxlongitude=-75
CM_M2.9_2026-06-05T16-56-38,2.9,2026-06-05 16:56:38,sin_match,,,,,,,,,https://earthquake.usgs.gov/fdsnws/event/1/query?format=geojson&starttime=2026-06-05T16%3A56%3A30&endtime=2026-06-05T16%3A56%3A46&minlatitude=-1&maxlatitude=4&minlongitude=-81&maxlongitude=-75
CM_M3.1_2024-09-09T18-48-50,3.1,2024-09-09 18:48:50,sin_match,,,,,,,,,https://earthquake.usgs.gov/fdsnws/event/1/query?format=geojson&starttime=2024-09-09T18%3A48%3A42&endtime=2024-09-09T18%3A48%3A58&minlatitude=-1&maxlatitude=4&minlongitude=-81&maxlongitude=-75
CM_M3.1_2025-06-11T04-41-48,3.1,2025-06-11 04:41:48,sin_match,,,,,,,,,https://earthquake.usgs.gov/fdsnws/event/1/query?format=geojson&starttime=2025-06-11T04%3A41%3A40&endtime=2025-06-11T04%3A41%3A56&minlatitude=-1&maxlatitude=4&minlongitude=-81&maxlongitude=-75
CM_M3.1_2025-07-03T16-42-18,3.1,2025-07-03 16:42:18,sin_match,,,,,,,,,https://earthquake.usgs.gov/fdsnws/event/1/query?format=geojson&starttime=2025-07-03T16%3A42%3A10&endtime=2025-07-03T16%3A42%3A26&minlatitude=-1&maxlatitude=4&minlongitude=-81&maxlongitude=-75
CM_M3.2_2023-11-14T11-13-03,3.2,2023-11-14 11:13:03,sin_match,,,,,,,,,https://earthquake.usgs.gov/fdsnws/event/1/query?format=geojson&starttime=2023-11-14T11%3A12%3A55&endtime=2023-11-14T11%3A13%3A11&minlatitude=-1&maxlatitude=4&minlongitude=-81&maxlongitude=-75
CM_M3.2_2025-07-10T19-54-41,3.2,2025-07-10 19:54:41,sin_match,,,,,,,,,https://earthquake.usgs.gov/fdsnws/event/1/query?format=geojson&starttime=2025-07-10T19%3A54%3A33&endtime=2025-07-10T19%3A54%3A49&minlatitude=-1&maxlatitude=4&minlongitude=-81&maxlongitude=-75
CM_M3.2_2025-08-28T14-59-49,3.2,2025-08-28 14:59:49,sin_match,,,,,,,,,https://earthquake.usgs.gov/fdsnws/event/1/query?format=geojson&starttime=2025-08-28T14%3A59%3A41&endtime=2025-08-28T14%3A59%3A57&minlatitude=-1&maxlatitude=4&minlongitude=-81&maxlongitude=-75
CM_M3.2_2025-11-12T06-28-17,3.2,2025-11-12 06:28:17,sin_match,,,,,,,,,https://earthquake.usgs.gov/fdsnws/event/1/query?format=geojson&starttime=2025-11-12T06%3A28%3A09&endtime=2025-11-12T06%3A28%3A25&minlatitude=-1&maxlatitude=4&minlongitude=-81&maxlongitude=-75
CM_M3.3_2024-08-27T07-26-31,3.3,2024-08-27 07:26:31,sin_match,,,,,,,,,https://earthquake.usgs.gov/fdsnws/event/1/query?format=geojson&starttime=2024-08-27T07%3A26%3A23&endtime=2024-08-27T07%3A26%3A39&minlatitude=-1&maxlatitude=4&minlongitude=-81&maxlongitude=-75
CM_M3.3_2025-11-29T04-21-04,3.3,2025-11-29 04:21:04,sin_match,,,,,,,,,https://earthquake.usgs.gov/fdsnws/event/1/query?format=geojson&starttime=2025-11-29T04%3A20%3A56&endtime=2025-11-29T04%3A21%3A12&minlatitude=-1&maxlatitude=4&minlongitude=-81&maxlongitude=-75
CM_M3.4_2024-08-17T13-21-32,3.4,2024-08-17 13:21:32,sin_match,,,,,,,,,https://earthquake.usgs.gov/fdsnws/event/1/query?format=geojson&starttime=2024-08-17T13%3A21%3A24&endtime=2024-08-17T13%3A21%3A40&minlatitude=-1&maxlatitude=4&minlongitude=-81&maxlongitude=-75
CM_M3.4_2024-08-20T17-42-45,3.4,2024-08-20 17:42:45,sin_match,,,,,,,,,https://earthquake.usgs.gov/fdsnws/event/1/query?format=geojson&starttime=2024-08-20T17%3A42%3A37&endtime=2024-08-20T17%3A42%3A53&minlatitude=-1&maxlatitude=4&minlongitude=-81&maxlongitude=-75
CM_M3.4_2024-08-23T03-04-05,3.4,2024-08-23 03:04:05,sin_match,,,,,,,,,https://earthquake.usgs.gov/fdsnws/event/1/query?format=geojson&starttime=2024-08-23T03%3A03%3A57&endtime=2024-08-23T03%3A04%3A13&minlatitude=-1&maxlatitude=4&minlongitude=-81&maxlongitude=-75
CM_M3.4_2025-03-23T21-12-06,3.4,2025-03-23 21:12:06,sin_match,,,,,,,,,https://earthquake.usgs.gov/fdsnws/event/1/query?format=geojson&starttime=2025-03-23T21%3A11%3A58&endtime=2025-03-23T21%3A12%3A14&minlatitude=-1&maxlatitude=4&minlongitude=-81&maxlongitude=-75
CM_M3.5_2023-01-07T10-30-52,3.5,2023-01-07 10:30:52,sin_match,,,,,,,,,https://earthquake.usgs.gov/fdsnws/event/1/query?format=geojson&starttime=2023-01-07T10%3A30%3A44&endtime=2023-01-07T10%3A31%3A00&minlatitude=-1&maxlatitude=4&minlongitude=-81&maxlongitude=-75
CM_M3.6_2023-09-21T09-23-12,3.6,2023-09-21 09:23:12,sin_match,,,,,,,,,https://earthquake.usgs.gov/fdsnws/event/1/query?format=geojson&starttime=2023-09-21T09%3A23%3A04&endtime=2023-09-21T09%3A23%3A20&minlatitude=-1&maxlatitude=4&minlongitude=-81&maxlongitude=-75
CM_M3.7_2023-01-15T17-59-18,3.7,2023-01-15 17:59:18,match,us7000j4jw,0.7556,-77.3987,9.7,1.9,0.6,"17 km SE of Córdoba, Colombia",,https://earthquake.usgs.gov/fdsnws/event/1/query?format=geojson&starttime=2023-01-15T17%3A59%3A10&endtime=2023-01-15T17%3A59%3A26&minlatitude=-1&maxlatitude=4&minlongitude=-81&maxlongitude=-75
CM_M3.7_2024-08-21T15-50-01,3.7,2024-08-21 15:50:01,sin_match,,,,,,,,,https://earthquake.usgs.gov/fdsnws/event/1/query?format=geojson&starttime=2024-08-21T15%3A49%3A53&endtime=2024-08-21T15%3A50%3A09&minlatitude=-1&maxlatitude=4&minlongitude=-81&maxlongitude=-75
CM_M3_2023-02-11T10-17-37,3.0,2023-02-11 10:17:37,sin_match,,,,,,,,,https://earthquake.usgs.gov/fdsnws/event/1/query?format=geojson&starttime=2023-02-11T10%3A17%3A29&endtime=2023-02-11T10%3A17%3A45&minlatitude=-1&maxlatitude=4&minlongitude=-81&maxlongitude=-75
CM_M3_2023-03-25T09-16-34,3.0,2023-03-25 09:16:34,sin_match,,,,,,,,,https://earthquake.usgs.gov/fdsnws/event/1/query?format=geojson&starttime=2023-03-25T09%3A16%3A26&endtime=2023-03-25T09%3A16%3A42&minlatitude=-1&maxlatitude=4&minlongitude=-81&maxlongitude=-75
CM_M3_2023-06-18T23-17-18,3.0,2023-06-18 23:17:18,sin_match,,,,,,,,,https://earthquake.usgs.gov/fdsnws/event/1/query?format=geojson&starttime=2023-06-18T23%3A17%3A10&endtime=2023-06-18T23%3A17%3A26&minlatitude=-1&maxlatitude=4&minlongitude=-81&maxlongitude=-75
CM_M3_2023-12-19T05-02-35,3.0,2023-12-19 05:02:35,sin_match,,,,,,,,,https://earthquake.usgs.gov/fdsnws/event/1/query?format=geojson&starttime=2023-12-19T05%3A02%3A27&endtime=2023-12-19T05%3A02%3A43&minlatitude=-1&maxlatitude=4&minlongitude=-81&maxlongitude=-75
CM_M3_2024-03-28T05-14-53,3.0,2024-03-28 05:14:53,sin_match,,,,,,,,,https://earthquake.usgs.gov/fdsnws/event/1/query?format=geojson&starttime=2024-03-28T05%3A14%3A45&endtime=2024-03-28T05%3A15%3A01&minlatitude=-1&maxlatitude=4&minlongitude=-81&maxlongitude=-75
CM_M3_2024-06-25T12-05-24,3.0,2024-06-25 12:05:24,sin_match,,,,,,,,,https://earthquake.usgs.gov/fdsnws/event/1/query?format=geojson&starttime=2024-06-25T12%3A05%3A16&endtime=2024-06-25T12%3A05%3A32&minlatitude=-1&maxlatitude=4&minlongitude=-81&maxlongitude=-75
CM_M3_2024-09-04T21-18-20,3.0,2024-09-04 21:18:20,sin_match,,,,,,,,,https://earthquake.usgs.gov/fdsnws/event/1/query?format=geojson&starttime=2024-09-04T21%3A18%3A12&endtime=2024-09-04T21%3A18%3A28&minlatitude=-1&maxlatitude=4&minlongitude=-81&maxlongitude=-75
CM_M3_2025-06-13T13-05-11,3.0,2025-06-13 13:05:11,sin_match,,,,,,,,,https://earthquake.usgs.gov/fdsnws/event/1/query?format=geojson&starttime=2025-06-13T13%3A05%3A03&endtime=2025-06-13T13%3A05%3A19&minlatitude=-1&maxlatitude=4&minlongitude=-81&maxlongitude=-75
CM_M3_2025-12-07T05-06-57,3.0,2025-12-07 05:06:57,sin_match,,,,,,,,,https://earthquake.usgs.gov/fdsnws/event/1/query?format=geojson&starttime=2025-12-07T05%3A06%3A49&endtime=2025-12-07T05%3A07%3A05&minlatitude=-1&maxlatitude=4&minlongitude=-81&maxlongitude=-75
CM_M3_2025-12-21T10-00-11,3.0,2025-12-21 10:00:11,sin_match,,,,,,,,,https://earthquake.usgs.gov/fdsnws/event/1/query?format=geojson&starttime=2025-12-21T10%3A00%3A03&endtime=2025-12-21T10%3A00%3A19&minlatitude=-1&maxlatitude=4&minlongitude=-81&maxlongitude=-75
CM_M3_2025-12-24T23-23-14,3.0,2025-12-24 23:23:14,sin_match,,,,,,,,,https://earthquake.usgs.gov/fdsnws/event/1/query?format=geojson&starttime=2025-12-24T23%3A23%3A06&endtime=2025-12-24T23%3A23%3A22&minlatitude=-1&maxlatitude=4&minlongitude=-81&maxlongitude=-75
CM_M3_2026-04-27T14-08-24,3.0,2026-04-27 14:08:24,sin_match,,,,,,,,,https://earthquake.usgs.gov/fdsnws/event/1/query?format=geojson&starttime=2026-04-27T14%3A08%3A16&endtime=2026-04-27T14%3A08%3A32&minlatitude=-1&maxlatitude=4&minlongitude=-81&maxlongitude=-75
CM_M3_2026-04-28T09-22-10,3.0,2026-04-28 09:22:10,sin_match,,,,,,,,,https://earthquake.usgs.gov/fdsnws/event/1/query?format=geojson&starttime=2026-04-28T09%3A22%3A02&endtime=2026-04-28T09%3A22%3A18&minlatitude=-1&maxlatitude=4&minlongitude=-81&maxlongitude=-75
CM_M4.3_2023-01-15T17-59-19,4.3,2023-01-15 17:59:19,match,us7000j4jw,0.7556,-77.3987,9.7,0.9,0.0,"17 km SE of Córdoba, Colombia",,https://earthquake.usgs.gov/fdsnws/event/1/query?format=geojson&starttime=2023-01-15T17%3A59%3A11&endtime=2023-01-15T17%3A59%3A27&minlatitude=-1&maxlatitude=4&minlongitude=-81&maxlongitude=-75
CM_M4.3_2023-06-10T06-53-57,4.3,2023-06-10 06:53:57,match,us7000k7li,3.8178,-76.489,146.602,0.7,0.0,"3 km E of Restrepo, Colombia",,https://earthquake.usgs.gov/fdsnws/event/1/query?format=geojson&starttime=2023-06-10T06%3A53%3A49&endtime=2023-06-10T06%3A54%3A05&minlatitude=-1&maxlatitude=4&minlongitude=-81&maxlongitude=-75
CM_M4.3_2023-08-13T12-58-42,4.3,2023-08-13 12:58:42,match,us6000kzpp,2.7209,-79.6777,10,0.7,0.0,"136 km WNW of Salahonda, Colombia",,https://earthquake.usgs.gov/fdsnws/event/1/query?format=geojson&starttime=2023-08-13T12%3A58%3A34&endtime=2023-08-13T12%3A58%3A50&minlatitude=-1&maxlatitude=4&minlongitude=-81&maxlongitude=-75
CM_M4.3_2024-05-26T10-24-52,4.3,2024-05-26 10:24:52,match,us6000n12v,2.6312,-79.0382,10,0.5,0.0,"66 km WNW of Mosquera, Colombia",,https://earthquake.usgs.gov/fdsnws/event/1/query?format=geojson&starttime=2024-05-26T10%3A24%3A44&endtime=2024-05-26T10%3A25%3A00&minlatitude=-1&maxlatitude=4&minlongitude=-81&maxlongitude=-75
CM_M4.3_2025-06-23T00-10-30,4.3,2025-06-23 00:10:30,match,us6000qlvd,2.5853,-79.7833,10,0.5,0.0,"138 km WNW of Salahonda, Colombia",,https://earthquake.usgs.gov/fdsnws/event/1/query?format=geojson&starttime=2025-06-23T00%3A10%3A22&endtime=2025-06-23T00%3A10%3A38&minlatitude=-1&maxlatitude=4&minlongitude=-81&maxlongitude=-75
CM_M4.3_2025-11-01T19-52-42,4.3,2025-11-01 19:52:42,match,us6000rpet,3.8376,-76.5812,136.419,0.3,0.0,"6 km WNW of Restrepo, Colombia",,https://earthquake.usgs.gov/fdsnws/event/1/query?format=geojson&starttime=2025-11-01T19%3A52%3A34&endtime=2025-11-01T19%3A52%3A50&minlatitude=-1&maxlatitude=4&minlongitude=-81&maxlongitude=-75
CM_M4.4_2023-09-15T19-29-58,4.4,2023-09-15 19:29:58,match,us7000kwxt,2.8041,-79.7139,10,0.6,0.0,"144 km WNW of Mosquera, Colombia",,https://earthquake.usgs.gov/fdsnws/event/1/query?format=geojson&starttime=2023-09-15T19%3A29%3A50&endtime=2023-09-15T19%3A30%3A06&minlatitude=-1&maxlatitude=4&minlongitude=-81&maxlongitude=-75
CM_M4.4_2025-08-27T09-31-35,4.4,2025-08-27 09:31:35,match,us7000qr9r,2.7226,-76.7369,10,0.7,0.0,"12 km WSW of Morales, Colombia",,https://earthquake.usgs.gov/fdsnws/event/1/query?format=geojson&starttime=2025-08-27T09%3A31%3A27&endtime=2025-08-27T09%3A31%3A43&minlatitude=-1&maxlatitude=4&minlongitude=-81&maxlongitude=-75
CM_M4.5_2023-05-12T06-06-16,4.5,2023-05-12 06:06:16,match,us6000kbbv,0.7544,-77.9505,10,0.2,0.0,Colombia-Ecuador border region,,https://earthquake.usgs.gov/fdsnws/event/1/query?format=geojson&starttime=2023-05-12T06%3A06%3A08&endtime=2023-05-12T06%3A06%3A24&minlatitude=-1&maxlatitude=4&minlongitude=-81&maxlongitude=-75
CM_M4.5_2023-11-18T23-32-53,4.5,2023-11-18 23:32:53,match,us6000lpdj,2.5126,-79.7082,10,0.1,0.0,"127 km WNW of Salahonda, Colombia",,https://earthquake.usgs.gov/fdsnws/event/1/query?format=geojson&starttime=2023-11-18T23%3A32%3A45&endtime=2023-11-18T23%3A33%3A01&minlatitude=-1&maxlatitude=4&minlongitude=-81&maxlongitude=-75
CM_M4.5_2024-08-28T00-49-19,4.5,2024-08-28 00:49:19,match,us6000nn57,3.9409,-78.0653,10,0.8,0.0,"85 km WSW of Santa Genoveva de Docordó, Colombia",,https://earthquake.usgs.gov/fdsnws/event/1/query?format=geojson&starttime=2024-08-28T00%3A49%3A11&endtime=2024-08-28T00%3A49%3A27&minlatitude=-1&maxlatitude=4&minlongitude=-81&maxlongitude=-75
CM_M4.5_2025-03-25T22-08-06,4.5,2025-03-25 22:08:06,match,us6000q3rc,2.5566,-78.869,10,0.8,0.0,"46 km W of Mosquera, Colombia",,https://earthquake.usgs.gov/fdsnws/event/1/query?format=geojson&starttime=2025-03-25T22%3A07%3A58&endtime=2025-03-25T22%3A08%3A14&minlatitude=-1&maxlatitude=4&minlongitude=-81&maxlongitude=-75
CM_M4.6_2023-04-15T03-50-57,4.6,2023-04-15 03:50:57,match,us6000k4lx,2.2187,-79.0054,10,1.0,0.0,"43 km WNW of Salahonda, Colombia",,https://earthquake.usgs.gov/fdsnws/event/1/query?format=geojson&starttime=2023-04-15T03%3A50%3A49&endtime=2023-04-15T03%3A51%3A05&minlatitude=-1&maxlatitude=4&minlongitude=-81&maxlongitude=-75
CM_M4.6_2023-12-11T07-36-33,4.6,2023-12-11 07:36:33,match,us7000li20,0.9582,-77.5751,95.262,0.5,0.0,"4 km NNW of Gualmatán, Colombia",,https://earthquake.usgs.gov/fdsnws/event/1/query?format=geojson&starttime=2023-12-11T07%3A36%3A25&endtime=2023-12-11T07%3A36%3A41&minlatitude=-1&maxlatitude=4&minlongitude=-81&maxlongitude=-75
CM_M4.7_2024-05-22T08-44-13,4.7,2024-05-22 08:44:13,match,us6000n08a,2.5004,-79.0534,10,1.0,0.0,"66 km W of Mosquera, Colombia",,https://earthquake.usgs.gov/fdsnws/event/1/query?format=geojson&starttime=2024-05-22T08%3A44%3A05&endtime=2024-05-22T08%3A44%3A21&minlatitude=-1&maxlatitude=4&minlongitude=-81&maxlongitude=-75
CM_M4.7_2024-07-10T09-53-36,4.7,2024-07-10 09:53:36,match,us7000my8v,3.7915,-78.5829,10,0.3,0.0,"142 km N of Mosquera, Colombia",,https://earthquake.usgs.gov/fdsnws/event/1/query?format=geojson&starttime=2024-07-10T09%3A53%3A28&endtime=2024-07-10T09%3A53%3A44&minlatitude=-1&maxlatitude=4&minlongitude=-81&maxlongitude=-75
CM_M4.7_2024-10-16T22-04-48,4.7,2024-10-16 22:04:48,match,us6000nz6y,2.1028,-79.7589,10,0.4,0.0,"112 km WNW of Tumaco, Colombia",,https://earthquake.usgs.gov/fdsnws/event/1/query?format=geojson&starttime=2024-10-16T22%3A04%3A40&endtime=2024-10-16T22%3A04%3A56&minlatitude=-1&maxlatitude=4&minlongitude=-81&maxlongitude=-75
CM_M4.8_2025-05-23T04-56-45,4.8,2025-05-23 04:56:45,match,us7000q10j,3.3141,-77.507,35,0.7,0.0,"62 km NNE of Timbiquí, Colombia",,https://earthquake.usgs.gov/fdsnws/event/1/query?format=geojson&starttime=2025-05-23T04%3A56%3A37&endtime=2025-05-23T04%3A56%3A53&minlatitude=-1&maxlatitude=4&minlongitude=-81&maxlongitude=-75
CM_M4.9_2025-08-08T00-31-47,4.9,2025-08-08 00:31:47,match,us6000qyzv,2.5724,-79.7378,10,0.8,0.0,"133 km WNW of Salahonda, Colombia",,https://earthquake.usgs.gov/fdsnws/event/1/query?format=geojson&starttime=2025-08-08T00%3A31%3A39&endtime=2025-08-08T00%3A31%3A55&minlatitude=-1&maxlatitude=4&minlongitude=-81&maxlongitude=-75
CM_M4_2024-06-07T15-27-42,4.0,2024-06-07 15:27:42,match,us7000mr0t,2.946,-79.319,10,0.8,0.0,"107 km WNW of Mosquera, Colombia",,https://earthquake.usgs.gov/fdsnws/event/1/query?format=geojson&starttime=2024-06-07T15%3A27%3A34&endtime=2024-06-07T15%3A27%3A50&minlatitude=-1&maxlatitude=4&minlongitude=-81&maxlongitude=-75
CM_M4_2024-08-01T12-35-02,4.0,2024-08-01 12:35:02,match,us7000n7y1,2.2475,-79.7656,10,0.2,0.0,"119 km WNW of Tumaco, Colombia",,https://earthquake.usgs.gov/fdsnws/event/1/query?format=geojson&starttime=2024-08-01T12%3A34%3A54&endtime=2024-08-01T12%3A35%3A10&minlatitude=-1&maxlatitude=4&minlongitude=-81&maxlongitude=-75
CM_M5_2024-05-22T05-34-19,5.0,2024-05-22 05:34:19,match,us6000n077,2.5123,-79.0178,10,1.0,0.0,"63 km W of Mosquera, Colombia",,https://earthquake.usgs.gov/fdsnws/event/1/query?format=geojson&starttime=2024-05-22T05%3A34%3A11&endtime=2024-05-22T05%3A34%3A27&minlatitude=-1&maxlatitude=4&minlongitude=-81&maxlongitude=-75
CM_M5_2025-03-01T09-38-49,5.0,2025-03-01 09:38:49,match,us6000pw9c,2.871,-79.4812,10,0.8,0.0,"121 km WNW of Mosquera, Colombia",,https://earthquake.usgs.gov/fdsnws/event/1/query?format=geojson&starttime=2025-03-01T09%3A38%3A41&endtime=2025-03-01T09%3A38%3A57&minlatitude=-1&maxlatitude=4&minlongitude=-81&maxlongitude=-75
CM_M2.9_2024-09-27T00-29-32,2.9,2024-09-27 00:29:32,match,us7000ngqa,0.8375,-78.7836,68.193,0.1,0.0,"49 km S of San Lorenzo de Esmeraldas, Ecuador",,https://earthquake.usgs.gov/fdsnws/event/1/query?format=geojson&starttime=2024-09-27T00%3A29%3A24&endtime=2024-09-27T00%3A29%3A40&minlatitude=-1&maxlatitude=4&minlongitude=-81&maxlongitude=-75
CM_M2.9_2024-10-09T23-32-05,2.9,2024-10-09 23:32:05,match,us6000nxpn,0.6074,-77.8502,11.785,0.6,0.0,"2 km NW of San Gabriel, Ecuador",,https://earthquake.usgs.gov/fdsnws/event/1/query?format=geojson&starttime=2024-10-09T23%3A31%3A57&endtime=2024-10-09T23%3A32%3A13&minlatitude=-1&maxlatitude=4&minlongitude=-81&maxlongitude=-75
CM_M2.9_2024-10-10T01-43-57,2.9,2024-10-10 01:43:57,match,us6000nxqe,1.7167,-79.6878,10,1.0,0.0,"83 km N of Esmeraldas, Ecuador",,https://earthquake.usgs.gov/fdsnws/event/1/query?format=geojson&starttime=2024-10-10T01%3A43%3A49&endtime=2024-10-10T01%3A44%3A05&minlatitude=-1&maxlatitude=4&minlongitude=-81&maxlongitude=-75
CM_M3.2_2024-10-22T00-55-10,3.2,2024-10-22 00:55:10,match,us7000nmch,1.1182,-79.3631,10,0.6,0.0,"36 km ENE of Esmeraldas, Ecuador",,https://earthquake.usgs.gov/fdsnws/event/1/query?format=geojson&starttime=2024-10-22T00%3A55%3A02&endtime=2024-10-22T00%3A55%3A18&minlatitude=-1&maxlatitude=4&minlongitude=-81&maxlongitude=-75
CM_M3.4_2024-10-07T20-12-06,3.4,2024-10-07 20:12:06,match,us6000nx4r,1.3893,-79.7834,10,0.5,0.0,"49 km NNW of Esmeraldas, Ecuador",,https://earthquake.usgs.gov/fdsnws/event/1/query?format=geojson&starttime=2024-10-07T20%3A11%3A58&endtime=2024-10-07T20%3A12%3A14&minlatitude=-1&maxlatitude=4&minlongitude=-81&maxlongitude=-75
CM_M3.6_2023-10-23T05-23-31,3.6,2023-10-23 05:23:31,match,us6000lhf4,0.2419,-78.3038,7.9,0.7,0.0,"4 km W of Otavalo, Ecuador",,https://earthquake.usgs.gov/fdsnws/event/1/query?format=geojson&starttime=2023-10-23T05%3A23%3A23&endtime=2023-10-23T05%3A23%3A39&minlatitude=-1&maxlatitude=4&minlongitude=-81&maxlongitude=-75
CM_M3.7_2024-11-01T03-54-58,3.7,2024-11-01 03:54:58,match,us7000npar,0.4041,-78.5537,10,0.9,0.0,"34 km WNW of Cotacachi, Ecuador",,https://earthquake.usgs.gov/fdsnws/event/1/query?format=geojson&starttime=2024-11-01T03%3A54%3A50&endtime=2024-11-01T03%3A55%3A06&minlatitude=-1&maxlatitude=4&minlongitude=-81&maxlongitude=-75
CM_M4.1_2023-09-28T06-28-04,4.1,2023-09-28 06:28:04,match,us6000lbba,1.2324,-78.8118,53.309,0.2,0.0,"6 km SSE of San Lorenzo de Esmeraldas, Ecuador",,https://earthquake.usgs.gov/fdsnws/event/1/query?format=geojson&starttime=2023-09-28T06%3A27%3A56&endtime=2023-09-28T06%3A28%3A12&minlatitude=-1&maxlatitude=4&minlongitude=-81&maxlongitude=-75
CM_M4.3_2025-10-02T14-52-50,4.3,2025-10-02 14:52:50,match,us6000riyc,0.5213,-79.9972,12.915,0.8,0.0,"10 km SSE of Muisne, Ecuador",,https://earthquake.usgs.gov/fdsnws/event/1/query?format=geojson&starttime=2025-10-02T14%3A52%3A42&endtime=2025-10-02T14%3A52%3A58&minlatitude=-1&maxlatitude=4&minlongitude=-81&maxlongitude=-75
CM_M4.4_2023-03-08T04-24-57,4.4,2023-03-08 04:24:57,match,us7000ji24,0.5931,-80.1644,29.058,0.8,0.0,"16 km W of Muisne, Ecuador",,https://earthquake.usgs.gov/fdsnws/event/1/query?format=geojson&starttime=2023-03-08T04%3A24%3A49&endtime=2023-03-08T04%3A25%3A05&minlatitude=-1&maxlatitude=4&minlongitude=-81&maxlongitude=-75
CM_M4.4_2023-04-26T03-16-18,4.4,2023-04-26 03:16:18,match,us7000jvxx,0.764,-77.8395,10,0.7,0.0,"14 km WSW of Tulcán, Ecuador",,https://earthquake.usgs.gov/fdsnws/event/1/query?format=geojson&starttime=2023-04-26T03%3A16%3A10&endtime=2023-04-26T03%3A16%3A26&minlatitude=-1&maxlatitude=4&minlongitude=-81&maxlongitude=-75
CM_M4.4_2024-02-08T02-36-12,4.4,2024-02-08 02:36:12,match,us7000lxnx,1.2167,-78.9339,77.318,0.8,0.0,"6 km ESE of Valdez, Ecuador",,https://earthquake.usgs.gov/fdsnws/event/1/query?format=geojson&starttime=2024-02-08T02%3A36%3A04&endtime=2024-02-08T02%3A36%3A20&minlatitude=-1&maxlatitude=4&minlongitude=-81&maxlongitude=-75
CM_M4.4_2025-07-20T21-06-32,4.4,2025-07-20 21:06:32,match,us7000qe4h,0.4719,-79.3622,57.913,0.6,0.0,"20 km NE of Rosa Zarate, Ecuador",,https://earthquake.usgs.gov/fdsnws/event/1/query?format=geojson&starttime=2025-07-20T21%3A06%3A24&endtime=2025-07-20T21%3A06%3A40&minlatitude=-1&maxlatitude=4&minlongitude=-81&maxlongitude=-75
CM_M4.5_2023-09-26T19-25-02,4.5,2023-09-26 19:25:02,match,us6000layf,1.1728,-79.1733,48.268,0.2,0.0,"22 km WSW of Valdez, Ecuador",,https://earthquake.usgs.gov/fdsnws/event/1/query?format=geojson&starttime=2023-09-26T19%3A24%3A54&endtime=2023-09-26T19%3A25%3A10&minlatitude=-1&maxlatitude=4&minlongitude=-81&maxlongitude=-75
CM_M4.6_2025-07-08T17-36-09,4.6,2025-07-08 17:36:09,match,us7000qbe7,0.8665,-79.7091,42.703,0.0,0.0,"11 km SSW of Esmeraldas, Ecuador",,https://earthquake.usgs.gov/fdsnws/event/1/query?format=geojson&starttime=2025-07-08T17%3A36%3A01&endtime=2025-07-08T17%3A36%3A17&minlatitude=-1&maxlatitude=4&minlongitude=-81&maxlongitude=-75
CM_M4.8_2023-10-05T20-55-06,4.8,2023-10-05 20:55:06,match,us6000ld9m,0.6912,-77.9134,10,0.8,0.0,"8 km NNE of El Ángel, Ecuador",,https://earthquake.usgs.gov/fdsnws/event/1/query?format=geojson&starttime=2023-10-05T20%3A54%3A58&endtime=2023-10-05T20%3A55%3A14&minlatitude=-1&maxlatitude=4&minlongitude=-81&maxlongitude=-75
CM_M4.8_2024-05-06T15-32-31,4.8,2024-05-06 15:32:31,match,us6000mwq2,0.4825,-77.5688,8.031,0.4,0.0,"31 km ESE of San Gabriel, Ecuador",,https://earthquake.usgs.gov/fdsnws/event/1/query?format=geojson&starttime=2024-05-06T15%3A32%3A23&endtime=2024-05-06T15%3A32%3A39&minlatitude=-1&maxlatitude=4&minlongitude=-81&maxlongitude=-75
CM_M4.9_2024-05-06T15-17-03,4.9,2024-05-06 15:17:03,match,us6000mwpy,0.4474,-77.5722,4.838,1.0,0.0,"32 km ESE of San Gabriel, Ecuador",,https://earthquake.usgs.gov/fdsnws/event/1/query?format=geojson&starttime=2024-05-06T15%3A16%3A55&endtime=2024-05-06T15%3A17%3A11&minlatitude=-1&maxlatitude=4&minlongitude=-81&maxlongitude=-75
CM_M4.9_2025-08-25T18-10-57,4.9,2025-08-25 18:10:57,match,us7000qqvw,2.1354,-79.9559,10,0.3,0.0,"134 km NNW of Esmeraldas, Ecuador",,https://earthquake.usgs.gov/fdsnws/event/1/query?format=geojson&starttime=2025-08-25T18%3A10%3A49&endtime=2025-08-25T18%3A11%3A05&minlatitude=-1&maxlatitude=4&minlongitude=-81&maxlongitude=-75
CM_M4_2023-07-24T01-47-57,4.0,2023-07-24 01:47:57,match,us7000khw2,1.2765,-79.4858,35,0.1,0.0,"39 km NNE of Esmeraldas, Ecuador",,https://earthquake.usgs.gov/fdsnws/event/1/query?format=geojson&starttime=2023-07-24T01%3A47%3A49&endtime=2023-07-24T01%3A48%3A05&minlatitude=-1&maxlatitude=4&minlongitude=-81&maxlongitude=-75
CM_M5_2023-06-27T14-07-27,5.0,2023-06-27 14:07:27,match,us6000knee,0.5974,-79.9871,35,0.4,0.0,"3 km ESE of Muisne, Ecuador",,https://earthquake.usgs.gov/fdsnws/event/1/query?format=geojson&starttime=2023-06-27T14%3A07%3A19&endtime=2023-06-27T14%3A07%3A35&minlatitude=-1&maxlatitude=4&minlongitude=-81&maxlongitude=-75
CM_M6.3_2025-04-25T11-44-52,6.3,2025-04-25 11:44:52,match,us7000pv06,1.0835,-79.5319,18,0.6,0.0,"19 km NE of Esmeraldas, Ecuador",,https://earthquake.usgs.gov/fdsnws/event/1/query?format=geojson&starttime=2025-04-25T11%3A44%3A44&endtime=2025-04-25T11%3A45%3A00&minlatitude=-1&maxlatitude=4&minlongitude=-81&maxlongitude=-75
